{
  "accuracy": 0.2,
  "precision_macro": 0.04,
  "recall_macro": 0.2,
  "f1_macro": 0.06666666666666667,
  "precision_weighted": 0.04,
  "recall_weighted": 0.2,
  "f1_weighted": 0.06666666666666665,
  "per_class_precision": [
    0.2,
    0.0,
    0.0,
    0.0,
    0.0
  ],
  "per_class_recall": [
    1.0,
    0.0,
    0.0,
    0.0,
    0.0
  ],
  "per_class_f1": [
    0.3333333333333333,
    0.0,
    0.0,
    0.0,
    0.0
  ],
  "overall_confidence": 0.606484432241131,
  "class_confidences": {
    "Normal": {
      "mean": 0.6083754309498132,
      "std": 0.06652050557758135,
      "min": 0.4608102782374391,
      "max": 0.8670631969675294
    },
    "AFib": {
      "mean": 0.6034809075519958,
      "std": 0.0652511600379733,
      "min": 0.42329122566442856,
      "max": 0.8819260738711111
    },
    "Other": {
      "mean": 0.6022563010834829,
      "std": 0.06603341170426924,
      "min": 0.4448341885577266,
      "max": 0.8068273802095445
    },
    "Noise": {
      "mean": 0.6129766244179806,
      "std": 0.06105689759106143,
      "min": 0.4920310518547133,
      "max": 0.8114538541120232
    },
    "Unclassified": {
      "mean": 0.6053328972023825,
      "std": 0.0636242732267302,
      "min": 0.46256999149461575,
      "max": 0.8005956133019072
    }
  },
  "confusion_matrix": [
    [
      200,
      0,
      0,
      0,
      0
    ],
    [
      200,
      0,
      0,
      0,
      0
    ],
    [
      200,
      0,
      0,
      0,
      0
    ],
    [
      200,
      0,
      0,
      0,
      0
    ],
    [
      200,
      0,
      0,
      0,
      0
    ]
  ],
  "confusion_matrix_percent": [
    [
      100.0,
      0.0,
      0.0,
      0.0,
      0.0
    ],
    [
      100.0,
      0.0,
      0.0,
      0.0,
      0.0
    ],
    [
      100.0,
      0.0,
      0.0,
      0.0,
      0.0
    ],
    [
      100.0,
      0.0,
      0.0,
      0.0,
      0.0
    ],
    [
      100.0,
      0.0,
      0.0,
      0.0,
      0.0
    ]
  ],
  "class_names": [
    "Normal",
    "AFib",
    "Other",
    "Noise",
    "Unclassified"
  ],
  "num_samples": 1000
}