{
  "V": 3.0819733333333335,
  "N": 0.2763457250626162,
  "F": 3.0819733333333335,
  "S": 3.8524666666666665,
  "Q": 2.114900041172972
}