{
  "model_file": "best_model_focused_90.pth",
  "test_samples": 31667,
  "overall_accuracy": 0.9904948368964537,
  "inference_time_ms": 0.1347351673521459,
  "throughput_samples_per_second": 7421.967253630111,
  "confidence_stats": {
    "mean": 0.9769247770309448,
    "median": 0.9987995624542236,
    "min": 0.36271631717681885,
    "max": 1.0
  },
  "high_confidence_accuracy": 0.9987618508560917,
  "high_confidence_percentage": 89.26642877443395,
  "per_class_metrics": {
    "Normal": {
      "accuracy": 0.9915119151988523,
      "precision": 0.9972744398573089,
      "recall": 0.9915119151988523,
      "f1_score": 0.9943848290470195,
      "support": 25094,
      "avg_confidence": 0.9736117124557495
    },
    "Ventricular": {
      "accuracy": 0.9990079365079365,
      "precision": 0.9877390877881315,
      "recall": 0.9990079365079365,
      "f1_score": 0.9933415536374846,
      "support": 2016,
      "avg_confidence": 0.9957499504089355
    },
    "Supraventricular": {
      "accuracy": 1.0,
      "precision": 0.9372384937238494,
      "recall": 1.0,
      "f1_score": 0.9676025917926566,
      "support": 896,
      "avg_confidence": 0.9980624914169312
    },
    "Fusion": {
      "accuracy": 1.0,
      "precision": 0.9317073170731708,
      "recall": 1.0,
      "f1_score": 0.9646464646464646,
      "support": 382,
      "avg_confidence": 0.9985332489013672
    },
    "Unknown": {
      "accuracy": 0.9737724916132967,
      "precision": 0.9637790522185331,
      "recall": 0.9737724916132967,
      "f1_score": 0.96875,
      "support": 3279,
      "avg_confidence": 0.9824122190475464
    }
  },
  "summary_metrics": {
    "precision_macro": 0.9635476781321988,
    "recall_macro": 0.9928584686640172,
    "f1_macro": 0.9777450878247251,
    "precision_weighted": 0.9907094512420902,
    "recall_weighted": 0.9904948368964537,
    "f1_weighted": 0.9905474972046688
  },
  "error_analysis": {
    "total_errors": 301,
    "error_rate_percent": 0.9505163103546278,
    "avg_confidence_on_errors": 0.6935319304466248
  },
  "clinical_readiness": {
    "criteria_passed": 